Column1;Ex ID;Start_time;End_time;Injected_value;Impact_status;Collision_state;Collision time;collider;Accel_0_max;Dcel_0_min;Accel_1_max;Dcel_1_min;Accel_2_max;Dcel_2_min;Accel_3_max;Dcel_3_min
0;1;16.0;22.0;0.5;Effective;collision;19.37;vtypeauto.1;0.0;-7.0;0.11;-8.1;0.17;-8.68;0.21;-8.88
1;2;16.0;22.0;0.6;Effective;collision;19.09;vtypeauto.1;0.0;-7.0;0.11;-8.32;0.17;-9.0;0.21;-9.0
2;3;16.0;22.0;0.7;Effective;collision;18.93;vtypeauto.1;0.0;-7.0;0.11;-8.53;0.17;-9.0;0.21;-9.0
3;4;16.0;22.0;0.8;Effective;collision;18.82;vtypeauto.1;0.0;-7.0;0.11;-8.75;0.17;-9.0;0.21;-9.0
4;5;16.0;22.0;0.9;Effective;collision;18.75;vtypeauto.1;0.0;-7.0;0.11;-8.97;0.17;-9.0;0.21;-9.0
5;6;16.0;22.0;1.0;Effective;collision;18.71;vtypeauto.1;0.0;-7.0;0.11;-9.0;0.17;-9.0;0.21;-9.0
6;7;16.0;22.0;1.1;Effective;collision;18.68;vtypeauto.1;0.0;-7.0;0.11;-9.0;0.17;-9.0;0.21;-9.0
7;8;16.1;22.1;0.5;Effective;collision;19.37;vtypeauto.1;0.0;-7.0;0.11;-8.1;0.17;-8.68;0.21;-8.88
8;9;16.1;22.1;0.6;Effective;collision;19.09;vtypeauto.1;0.0;-7.0;0.11;-8.32;0.17;-9.0;0.21;-9.0
9;10;16.1;22.1;0.7;Effective;collision;18.93;vtypeauto.1;0.0;-7.0;0.11;-8.53;0.17;-9.0;0.21;-9.0
10;11;16.1;22.1;0.8;Effective;collision;18.82;vtypeauto.1;0.0;-7.0;0.11;-8.75;0.17;-9.0;0.21;-9.0
11;12;16.1;22.1;0.9;Effective;collision;18.75;vtypeauto.1;0.0;-7.0;0.11;-8.97;0.17;-9.0;0.21;-9.0
12;13;16.1;22.1;1.0;Effective;collision;18.71;vtypeauto.1;0.0;-7.0;0.11;-9.0;0.17;-9.0;0.21;-9.0
13;14;16.1;22.1;1.1;Effective;collision;18.68;vtypeauto.1;0.0;-7.0;0.11;-9.0;0.17;-9.0;0.21;-9.0
14;15;16.2;22.2;0.5;Effective;collision;19.37;vtypeauto.1;0.0;-7.0;0.11;-8.1;0.17;-8.68;0.21;-8.88
15;16;16.2;22.2;0.6;Effective;collision;19.09;vtypeauto.1;0.0;-7.0;0.11;-8.32;0.17;-9.0;0.21;-9.0
16;17;16.2;22.2;0.7;Effective;collision;18.93;vtypeauto.1;0.0;-7.0;0.11;-8.53;0.17;-9.0;0.21;-9.0
17;18;16.2;22.2;0.8;Effective;collision;18.82;vtypeauto.1;0.0;-7.0;0.11;-8.75;0.17;-9.0;0.21;-9.0
18;19;16.2;22.2;0.9;Effective;collision;18.75;vtypeauto.1;0.0;-7.0;0.11;-8.97;0.17;-9.0;0.21;-9.0
19;20;16.2;22.2;1.0;Effective;collision;18.71;vtypeauto.1;0.0;-7.0;0.11;-9.0;0.17;-9.0;0.21;-9.0
20;21;16.2;22.2;1.1;Effective;collision;18.68;vtypeauto.1;0.0;-7.0;0.11;-9.0;0.17;-9.0;0.21;-9.0
21;22;16.3;22.3;0.5;Effective;collision;19.37;vtypeauto.1;0.0;-7.0;0.11;-8.1;0.17;-8.68;0.21;-8.88
22;23;16.3;22.3;0.6;Effective;collision;19.09;vtypeauto.1;0.0;-7.0;0.11;-8.32;0.17;-9.0;0.21;-9.0
23;24;16.3;22.3;0.7;Effective;collision;18.93;vtypeauto.1;0.0;-7.0;0.11;-8.53;0.17;-9.0;0.21;-9.0
24;25;16.3;22.3;0.8;Effective;collision;18.82;vtypeauto.1;0.0;-7.0;0.11;-8.75;0.17;-9.0;0.21;-9.0
25;26;16.3;22.3;0.9;Effective;collision;18.75;vtypeauto.1;0.0;-7.0;0.11;-8.97;0.17;-9.0;0.21;-9.0
26;27;16.3;22.3;1.0;Effective;collision;18.71;vtypeauto.1;0.0;-7.0;0.11;-9.0;0.17;-9.0;0.21;-9.0
27;28;16.3;22.3;1.1;Effective;collision;18.68;vtypeauto.1;0.0;-7.0;0.11;-9.0;0.17;-9.0;0.21;-9.0
28;29;16.4;22.4;0.5;Effective;collision;19.37;vtypeauto.1;0.0;-7.0;0.11;-8.1;0.17;-8.68;0.21;-8.88
29;30;16.4;22.4;0.6;Effective;collision;19.09;vtypeauto.1;0.0;-7.0;0.11;-8.32;0.17;-9.0;0.21;-9.0
30;31;16.4;22.4;0.7;Effective;collision;18.93;vtypeauto.1;0.0;-7.0;0.11;-8.53;0.17;-9.0;0.21;-9.0
31;32;16.4;22.4;0.8;Effective;collision;18.82;vtypeauto.1;0.0;-7.0;0.11;-8.75;0.17;-9.0;0.21;-9.0
32;33;16.4;22.4;0.9;Effective;collision;18.75;vtypeauto.1;0.0;-7.0;0.11;-8.97;0.17;-9.0;0.21;-9.0
33;34;16.4;22.4;1.0;Effective;collision;18.71;vtypeauto.1;0.0;-7.0;0.11;-9.0;0.17;-9.0;0.21;-9.0
34;35;16.4;22.4;1.1;Effective;collision;18.68;vtypeauto.1;0.0;-7.0;0.11;-9.0;0.17;-9.0;0.21;-9.0
35;36;16.5;22.5;0.5;Effective;collision;19.37;vtypeauto.1;0.0;-7.0;0.11;-8.1;0.17;-8.68;0.21;-8.88
36;37;16.5;22.5;0.6;Effective;collision;19.09;vtypeauto.1;0.0;-7.0;0.11;-8.32;0.17;-9.0;0.21;-9.0
37;38;16.5;22.5;0.7;Effective;collision;18.93;vtypeauto.1;0.0;-7.0;0.11;-8.53;0.17;-9.0;0.21;-9.0
38;39;16.5;22.5;0.8;Effective;collision;18.82;vtypeauto.1;0.0;-7.0;0.11;-8.75;0.17;-9.0;0.21;-9.0
39;40;16.5;22.5;0.9;Effective;collision;18.75;vtypeauto.1;0.0;-7.0;0.11;-8.97;0.17;-9.0;0.21;-9.0
40;41;16.5;22.5;1.0;Effective;collision;18.71;vtypeauto.1;0.0;-7.0;0.11;-9.0;0.17;-9.0;0.21;-9.0
41;42;16.5;22.5;1.1;Effective;collision;18.68;vtypeauto.1;0.0;-7.0;0.11;-9.0;0.17;-9.0;0.21;-9.0
42;43;16.6;22.6;0.5;Effective;collision;19.37;vtypeauto.1;0.0;-7.0;0.11;-8.1;0.17;-8.68;0.21;-8.88
43;44;16.6;22.6;0.6;Effective;collision;19.09;vtypeauto.1;0.0;-7.0;0.11;-8.32;0.17;-9.0;0.21;-9.0
44;45;16.6;22.6;0.7;Effective;collision;18.93;vtypeauto.1;0.0;-7.0;0.11;-8.53;0.17;-9.0;0.21;-9.0
45;46;16.6;22.6;0.8;Effective;collision;18.82;vtypeauto.1;0.0;-7.0;0.11;-8.75;0.17;-9.0;0.21;-9.0
46;47;16.6;22.6;0.9;Effective;collision;18.75;vtypeauto.1;0.0;-7.0;0.11;-8.97;0.17;-9.0;0.21;-9.0
47;48;16.6;22.6;1.0;Effective;collision;18.71;vtypeauto.1;0.0;-7.0;0.11;-9.0;0.17;-9.0;0.21;-9.0
48;49;16.6;22.6;1.1;Effective;collision;18.68;vtypeauto.1;0.0;-7.0;0.11;-9.0;0.17;-9.0;0.21;-9.0
49;50;16.7;22.7;0.5;Effective;collision;19.37;vtypeauto.1;0.0;-7.0;0.11;-8.1;0.17;-8.68;0.21;-8.88
50;51;16.7;22.7;0.6;Effective;collision;19.09;vtypeauto.1;0.0;-7.0;0.11;-8.32;0.17;-9.0;0.21;-9.0
51;52;16.7;22.7;0.7;Effective;collision;18.93;vtypeauto.1;0.0;-7.0;0.11;-8.53;0.17;-9.0;0.21;-9.0
52;53;16.7;22.7;0.8;Effective;collision;18.82;vtypeauto.1;0.0;-7.0;0.11;-8.75;0.17;-9.0;0.21;-9.0
53;54;16.7;22.7;0.9;Effective;collision;18.75;vtypeauto.1;0.0;-7.0;0.11;-8.97;0.17;-9.0;0.21;-9.0
54;55;16.7;22.7;1.0;Effective;collision;18.71;vtypeauto.1;0.0;-7.0;0.11;-9.0;0.17;-9.0;0.21;-9.0
55;56;16.7;22.7;1.1;Effective;collision;18.68;vtypeauto.1;0.0;-7.0;0.11;-9.0;0.17;-9.0;0.21;-9.0
56;57;16.8;22.8;0.5;Effective;collision;19.37;vtypeauto.1;0.0;-7.0;0.11;-8.1;0.17;-8.68;0.21;-8.88
57;58;16.8;22.8;0.6;Effective;collision;19.09;vtypeauto.1;0.0;-7.0;0.11;-8.32;0.17;-9.0;0.21;-9.0
58;59;16.8;22.8;0.7;Effective;collision;18.93;vtypeauto.1;0.0;-7.0;0.11;-8.53;0.17;-9.0;0.21;-9.0
59;60;16.8;22.8;0.8;Effective;collision;18.82;vtypeauto.1;0.0;-7.0;0.11;-8.75;0.17;-9.0;0.21;-9.0
60;61;16.8;22.8;0.9;Effective;collision;18.75;vtypeauto.1;0.0;-7.0;0.11;-8.97;0.17;-9.0;0.21;-9.0
61;62;16.8;22.8;1.0;Effective;collision;18.71;vtypeauto.1;0.0;-7.0;0.11;-9.0;0.17;-9.0;0.21;-9.0
62;63;16.8;22.8;1.1;Effective;collision;18.68;vtypeauto.1;0.0;-7.0;0.11;-9.0;0.17;-9.0;0.21;-9.0
63;64;16.9;22.9;0.5;Effective;collision;19.37;vtypeauto.1;0.0;-7.0;0.11;-8.1;0.17;-8.68;0.21;-8.88
64;65;16.9;22.9;0.6;Effective;collision;19.09;vtypeauto.1;0.0;-7.0;0.11;-8.32;0.17;-9.0;0.21;-9.0
65;66;16.9;22.9;0.7;Effective;collision;18.93;vtypeauto.1;0.0;-7.0;0.11;-8.53;0.17;-9.0;0.21;-9.0
66;67;16.9;22.9;0.8;Effective;collision;18.82;vtypeauto.1;0.0;-7.0;0.11;-8.75;0.17;-9.0;0.21;-9.0
67;68;16.9;22.9;0.9;Effective;collision;18.75;vtypeauto.1;0.0;-7.0;0.11;-8.97;0.17;-9.0;0.21;-9.0
68;69;16.9;22.9;1.0;Effective;collision;18.71;vtypeauto.1;0.0;-7.0;0.11;-9.0;0.17;-9.0;0.21;-9.0
69;70;16.9;22.9;1.1;Effective;collision;18.68;vtypeauto.1;0.0;-7.0;0.11;-9.0;0.17;-9.0;0.21;-9.0
70;71;17.0;23.0;0.5;Effective;collision;19.37;vtypeauto.1;0.0;-7.0;0.11;-8.1;0.17;-8.68;0.21;-8.88
71;72;17.0;23.0;0.6;Effective;collision;19.09;vtypeauto.1;0.0;-7.0;0.11;-8.32;0.17;-9.0;0.21;-9.0
72;73;17.0;23.0;0.7;Effective;collision;18.93;vtypeauto.1;0.0;-7.0;0.11;-8.53;0.17;-9.0;0.21;-9.0
73;74;17.0;23.0;0.8;Effective;collision;18.82;vtypeauto.1;0.0;-7.0;0.11;-8.75;0.17;-9.0;0.21;-9.0
74;75;17.0;23.0;0.9;Effective;collision;18.75;vtypeauto.1;0.0;-7.0;0.11;-8.97;0.17;-9.0;0.21;-9.0
75;76;17.0;23.0;1.0;Effective;collision;18.71;vtypeauto.1;0.0;-7.0;0.11;-9.0;0.17;-9.0;0.21;-9.0
76;77;17.0;23.0;1.1;Effective;collision;18.68;vtypeauto.1;0.0;-7.0;0.11;-9.0;0.17;-9.0;0.21;-9.0
77;78;17.1;23.1;0.5;Effective;No;No;No;0.0;-7.0;0.11;-7.19;0.17;-7.74;0.21;-8.03
78;79;17.1;23.1;0.6;Effective;No;No;No;0.0;-7.0;0.11;-7.22;0.17;-7.86;0.21;-8.21
79;80;17.1;23.1;0.7;Effective;collision;20.66;vtypeauto.2;0.0;-7.0;0.11;-7.26;0.17;-7.98;0.21;-8.4
80;81;17.1;23.1;0.8;Effective;collision;20.25;vtypeauto.2;0.0;-7.0;0.11;-7.31;0.17;-8.1;0.21;-8.58
81;82;17.1;23.1;0.9;Effective;collision;20.00;vtypeauto.2;0.0;-7.0;0.11;-7.36;0.17;-8.23;0.21;-8.73
82;83;17.1;23.1;1.0;Effective;collision;19.84;vtypeauto.2;0.0;-7.0;0.11;-7.41;0.17;-8.35;0.21;-8.84
83;84;17.1;23.1;1.1;Effective;collision;19.73;vtypeauto.2;0.0;-7.0;0.11;-7.47;0.17;-8.46;0.21;-8.92
84;85;17.2;23.2;0.5;Effective;No;No;No;0.0;-7.0;0.11;-7.17;0.17;-7.3;0.21;-7.55
85;86;17.2;23.2;0.6;Effective;No;No;No;0.0;-7.0;0.11;-7.2;0.17;-7.34;0.21;-7.62
86;87;17.2;23.2;0.7;Effective;No;No;No;0.0;-7.0;0.11;-7.23;0.17;-7.39;0.21;-7.67
87;88;17.2;23.2;0.8;Effective;No;No;No;0.0;-7.0;0.11;-7.27;0.17;-7.43;0.21;-7.7
88;89;17.2;23.2;0.9;Effective;No;No;No;0.0;-7.0;0.11;-7.31;0.17;-7.46;0.21;-7.69
89;90;17.2;23.2;1.0;Effective;No;No;No;0.0;-7.0;0.11;-7.35;0.17;-7.49;0.21;-7.64
90;91;17.2;23.2;1.1;Effective;No;No;No;0.0;-7.0;0.11;-7.4;0.17;-7.48;0.21;-7.58
91;92;17.3;23.3;0.5;Effective;No;No;No;0.0;-7.0;0.11;-7.16;0.17;-7.27;0.21;-7.33
92;93;17.3;23.3;0.6;Effective;No;No;No;0.0;-7.0;0.11;-7.18;0.17;-7.3;0.21;-7.35
93;94;17.3;23.3;0.7;Effective;No;No;No;0.0;-7.0;0.11;-7.21;0.17;-7.34;0.21;-7.35
94;95;17.3;23.3;0.8;Effective;No;No;No;0.0;-7.0;0.11;-7.23;0.17;-7.37;0.21;-7.32
95;96;17.3;23.3;0.9;Effective;No;No;No;0.0;-7.0;0.11;-7.27;0.17;-7.39;0.21;-7.26
96;97;17.3;23.3;1.0;Effective;No;No;No;0.0;-7.0;0.11;-7.3;0.17;-7.39;0.21;-7.18
97;98;17.3;23.3;1.1;Effective;No;No;No;0.0;-7.0;0.11;-7.34;0.17;-7.36;0.21;-7.11
98;99;17.4;23.4;0.5;Effective;No;No;No;0.0;-7.0;0.11;-7.15;0.17;-7.25;0.21;-7.3
99;100;17.4;23.4;0.6;Effective;No;No;No;0.0;-7.0;0.11;-7.16;0.17;-7.27;0.21;-7.31
100;101;17.4;23.4;0.7;Effective;No;No;No;0.0;-7.0;0.11;-7.18;0.17;-7.3;0.21;-7.3
101;102;17.4;23.4;0.8;Effective;No;No;No;0.0;-7.0;0.11;-7.21;0.17;-7.32;0.21;-7.27
102;103;17.4;23.4;0.9;Effective;No;No;No;0.0;-7.0;0.11;-7.23;0.17;-7.32;0.21;-7.21
103;104;17.4;23.4;1.0;Effective;No;No;No;0.0;-7.0;0.11;-7.26;0.17;-7.31;0.21;-7.15
104;105;17.4;23.4;1.1;Effective;No;No;No;0.0;-7.0;0.11;-7.29;0.17;-7.27;0.21;-7.11
105;106;17.5;23.5;0.5;Effective;No;No;No;0.0;-7.0;0.11;-7.14;0.17;-7.23;0.21;-7.28
106;107;17.5;23.5;0.6;Effective;No;No;No;0.0;-7.0;0.11;-7.15;0.17;-7.25;0.21;-7.28
107;108;17.5;23.5;0.7;Effective;No;No;No;0.0;-7.0;0.11;-7.17;0.17;-7.26;0.21;-7.27
108;109;17.5;23.5;0.8;Effective;No;No;No;0.0;-7.0;0.11;-7.18;0.17;-7.27;0.21;-7.23
109;110;17.5;23.5;0.9;Effective;No;No;No;0.0;-7.0;0.11;-7.2;0.17;-7.27;0.21;-7.18
110;111;17.5;23.5;1.0;Effective;No;No;No;0.0;-7.0;0.11;-7.22;0.17;-7.25;0.21;-7.13
111;112;17.5;23.5;1.1;Effective;No;No;No;0.0;-7.0;0.11;-7.24;0.17;-7.21;0.21;-7.12
112;113;17.6;23.6;0.5;Effective;No;No;No;0.0;-7.0;0.11;-7.13;0.17;-7.22;0.21;-7.26
113;114;17.6;23.6;0.6;Effective;No;No;No;0.0;-7.0;0.11;-7.14;0.17;-7.23;0.21;-7.26
114;115;17.6;23.6;0.7;Effective;No;No;No;0.0;-7.0;0.11;-7.15;0.17;-7.24;0.21;-7.24
115;116;17.6;23.6;0.8;Effective;No;No;No;0.0;-7.0;0.11;-7.16;0.17;-7.24;0.21;-7.21
116;117;17.6;23.6;0.9;Effective;No;No;No;0.0;-7.0;0.11;-7.18;0.17;-7.23;0.21;-7.16
117;118;17.6;23.6;1.0;Effective;No;No;No;0.0;-7.0;0.11;-7.19;0.17;-7.21;0.21;-7.13
118;119;17.6;23.6;1.1;Effective;No;No;No;0.0;-7.0;0.11;-7.21;0.17;-7.16;0.21;-7.13
119;120;17.7;23.7;0.5;Effective;No;No;No;0.0;-7.0;0.11;-7.12;0.17;-7.2;0.21;-7.24
120;121;17.7;23.7;0.6;Effective;No;No;No;0.0;-7.0;0.11;-7.13;0.17;-7.21;0.21;-7.24
121;122;17.7;23.7;0.7;Effective;No;No;No;0.0;-7.0;0.11;-7.14;0.17;-7.22;0.21;-7.22
122;123;17.7;23.7;0.8;Effective;No;No;No;0.0;-7.0;0.11;-7.15;0.17;-7.21;0.21;-7.19
123;124;17.7;23.7;0.9;Effective;No;No;No;0.0;-7.0;0.11;-7.16;0.17;-7.2;0.21;-7.16
124;125;17.7;23.7;1.0;Effective;No;No;No;0.0;-7.0;0.11;-7.17;0.17;-7.17;0.21;-7.14
125;126;17.7;23.7;1.1;Effective;No;No;No;0.0;-7.0;0.11;-7.18;0.17;-7.13;0.21;-7.12
126;127;17.8;23.8;0.5;Effective;No;No;No;0.0;-7.0;0.11;-7.12;0.17;-7.19;0.21;-7.23
127;128;17.8;23.8;0.6;Effective;No;No;No;0.0;-7.0;0.11;-7.12;0.17;-7.2;0.21;-7.23
128;129;17.8;23.8;0.7;Effective;No;No;No;0.0;-7.0;0.11;-7.13;0.17;-7.2;0.21;-7.21
129;130;17.8;23.8;0.8;Effective;No;No;No;0.0;-7.0;0.11;-7.14;0.17;-7.19;0.21;-7.18
130;131;17.8;23.8;0.9;Effective;No;No;No;0.0;-7.0;0.11;-7.14;0.17;-7.18;0.21;-7.16
131;132;17.8;23.8;1.0;Effective;No;No;No;0.0;-7.0;0.11;-7.15;0.17;-7.15;0.21;-7.15
132;133;17.8;23.8;1.1;Effective;No;No;No;0.0;-7.0;0.11;-7.15;0.17;-7.11;0.21;-7.12
133;134;17.9;23.9;0.5;Effective;No;No;No;0.0;-7.0;0.11;-7.11;0.17;-7.19;0.21;-7.22
134;135;17.9;23.9;0.6;Effective;No;No;No;0.0;-7.0;0.11;-7.12;0.17;-7.19;0.21;-7.22
135;136;17.9;23.9;0.7;Effective;No;No;No;0.0;-7.0;0.11;-7.12;0.17;-7.19;0.21;-7.2
136;137;17.9;23.9;0.8;Effective;No;No;No;0.0;-7.0;0.11;-7.12;0.17;-7.18;0.21;-7.18
137;138;17.9;23.9;0.9;Effective;No;No;No;0.0;-7.0;0.11;-7.13;0.17;-7.16;0.21;-7.16
138;139;17.9;23.9;1.0;Effective;No;No;No;0.0;-7.0;0.11;-7.13;0.17;-7.13;0.21;-7.15
139;140;17.9;23.9;1.1;Effective;No;No;No;0.0;-7.0;0.11;-7.13;0.17;-7.1;0.21;-7.12
140;141;18.0;24.0;0.5;Effective;No;No;No;0.0;-7.0;0.11;-7.11;0.17;-7.18;0.21;-7.22
141;142;18.0;24.0;0.6;Effective;No;No;No;0.0;-7.0;0.11;-7.11;0.17;-7.18;0.21;-7.21
142;143;18.0;24.0;0.7;Effective;No;No;No;0.0;-7.0;0.11;-7.11;0.17;-7.18;0.21;-7.19
143;144;18.0;24.0;0.8;Effective;No;No;No;0.0;-7.0;0.11;-7.12;0.17;-7.17;0.21;-7.18
144;145;18.0;24.0;0.9;Effective;No;No;No;0.0;-7.0;0.11;-7.12;0.17;-7.15;0.21;-7.17
145;146;18.0;24.0;1.0;Effective;No;No;No;0.0;-7.0;0.11;-7.12;0.17;-7.12;0.21;-7.15
146;147;18.0;24.0;1.1;Effective;No;No;No;0.0;-7.0;0.11;-7.12;0.17;-7.09;0.21;-7.13
147;148;18.1;24.1;0.5;Effective;No;No;No;0.0;-7.0;0.11;-7.11;0.17;-7.18;0.21;-7.21
148;149;18.1;24.1;0.6;Effective;No;No;No;0.0;-7.0;0.11;-7.11;0.17;-7.17;0.21;-7.2
149;150;18.1;24.1;0.7;Effective;No;No;No;0.0;-7.0;0.11;-7.11;0.17;-7.17;0.21;-7.19
150;151;18.1;24.1;0.8;Effective;No;No;No;0.0;-7.0;0.11;-7.11;0.17;-7.16;0.21;-7.18
151;152;18.1;24.1;0.9;Effective;No;No;No;0.0;-7.0;0.11;-7.11;0.17;-7.14;0.21;-7.17
152;153;18.1;24.1;1.0;Effective;No;No;No;0.0;-7.0;0.11;-7.11;0.17;-7.12;0.21;-7.16
153;154;18.1;24.1;1.1;Effective;No;No;No;0.0;-7.0;0.11;-7.11;0.17;-7.1;0.21;-7.13
154;155;18.2;24.2;0.5;Effective;No;No;No;0.0;-7.0;0.11;-7.1;0.17;-7.17;0.21;-7.21
155;156;18.2;24.2;0.6;Effective;No;No;No;0.0;-7.0;0.11;-7.1;0.17;-7.17;0.21;-7.2
156;157;18.2;24.2;0.7;Effective;No;No;No;0.0;-7.0;0.11;-7.1;0.17;-7.16;0.21;-7.19
157;158;18.2;24.2;0.8;Effective;No;No;No;0.0;-7.0;0.11;-7.1;0.17;-7.15;0.21;-7.19
158;159;18.2;24.2;0.9;Effective;No;No;No;0.0;-7.0;0.11;-7.1;0.17;-7.14;0.21;-7.18
159;160;18.2;24.2;1.0;Effective;No;No;No;0.0;-7.0;0.11;-7.1;0.17;-7.12;0.21;-7.16
160;161;18.2;24.2;1.1;Effective;No;No;No;0.0;-7.0;0.11;-7.1;0.17;-7.11;0.21;-7.14
161;162;18.3;24.3;0.5;Effective;No;No;No;0.0;-7.0;0.11;-7.1;0.17;-7.17;0.21;-7.21
162;163;18.3;24.3;0.6;Effective;No;No;No;0.0;-7.0;0.11;-7.1;0.17;-7.17;0.21;-7.2
163;164;18.3;24.3;0.7;Effective;No;No;No;0.0;-7.0;0.11;-7.1;0.17;-7.16;0.21;-7.19
164;165;18.3;24.3;0.8;Effective;No;No;No;0.0;-7.0;0.11;-7.1;0.17;-7.15;0.21;-7.19
165;166;18.3;24.3;0.9;Effective;No;No;No;0.0;-7.0;0.11;-7.1;0.17;-7.14;0.21;-7.18
166;167;18.3;24.3;1.0;Effective;No;No;No;0.0;-7.0;0.11;-7.09;0.17;-7.13;0.21;-7.17
167;168;18.3;24.3;1.1;Effective;No;No;No;0.0;-7.0;0.11;-7.09;0.17;-7.12;0.21;-7.16
168;169;18.4;24.4;0.5;Effective;No;No;No;0.0;-7.0;0.11;-7.1;0.17;-7.17;0.21;-7.21
169;170;18.4;24.4;0.6;Effective;No;No;No;0.0;-7.0;0.11;-7.1;0.17;-7.16;0.21;-7.2
170;171;18.4;24.4;0.7;Effective;No;No;No;0.0;-7.0;0.11;-7.1;0.17;-7.16;0.21;-7.2
171;172;18.4;24.4;0.8;Effective;No;No;No;0.0;-7.0;0.11;-7.09;0.17;-7.15;0.21;-7.19
172;173;18.4;24.4;0.9;Effective;No;No;No;0.0;-7.0;0.11;-7.09;0.17;-7.14;0.21;-7.18
173;174;18.4;24.4;1.0;Effective;No;No;No;0.0;-7.0;0.11;-7.09;0.17;-7.14;0.21;-7.17
174;175;18.4;24.4;1.1;Effective;No;No;No;0.0;-7.0;0.11;-7.08;0.17;-7.13;0.21;-7.17
175;176;18.5;24.5;0.5;Effective;No;No;No;0.0;-7.0;0.11;-7.1;0.17;-7.17;0.21;-7.21
176;177;18.5;24.5;0.6;Effective;No;No;No;0.0;-7.0;0.11;-7.1;0.17;-7.16;0.21;-7.21
177;178;18.5;24.5;0.7;Effective;No;No;No;0.0;-7.0;0.11;-7.09;0.17;-7.16;0.21;-7.2
178;179;18.5;24.5;0.8;Effective;No;No;No;0.0;-7.0;0.11;-7.09;0.17;-7.15;0.21;-7.19
179;180;18.5;24.5;0.9;Effective;No;No;No;0.0;-7.0;0.11;-7.09;0.17;-7.15;0.21;-7.19
180;181;18.5;24.5;1.0;Effective;No;No;No;0.0;-7.0;0.11;-7.09;0.17;-7.14;0.21;-7.18
181;182;18.5;24.5;1.1;Effective;No;No;No;0.0;-7.0;0.11;-7.08;0.17;-7.14;0.21;-7.18
182;183;18.6;24.6;0.5;Effective;No;No;No;0.0;-7.0;0.11;-7.1;0.17;-7.17;0.21;-7.21
183;184;18.6;24.6;0.6;Effective;No;No;No;0.0;-7.0;0.11;-7.1;0.17;-7.16;0.21;-7.21
184;185;18.6;24.6;0.7;Effective;No;No;No;0.0;-7.0;0.11;-7.09;0.17;-7.16;0.21;-7.2
185;186;18.6;24.6;0.8;Effective;No;No;No;0.0;-7.0;0.11;-7.09;0.17;-7.16;0.21;-7.2
186;187;18.6;24.6;0.9;Effective;No;No;No;0.0;-7.0;0.11;-7.09;0.17;-7.15;0.21;-7.2
187;188;18.6;24.6;1.0;Effective;No;No;No;0.0;-7.0;0.11;-7.08;0.17;-7.15;0.21;-7.19
188;189;18.6;24.6;1.1;Effective;No;No;No;0.0;-7.0;0.11;-7.08;0.17;-7.15;0.21;-7.19
189;190;18.7;24.7;0.5;Effective;No;No;No;0.0;-7.0;0.11;-7.1;0.17;-7.17;0.21;-7.21
190;191;18.7;24.7;0.6;Effective;No;No;No;0.0;-7.0;0.11;-7.1;0.17;-7.17;0.21;-7.21
191;192;18.7;24.7;0.7;Effective;No;No;No;0.0;-7.0;0.11;-7.09;0.17;-7.17;0.21;-7.21
192;193;18.7;24.7;0.8;Effective;No;No;No;0.0;-7.0;0.11;-7.09;0.17;-7.16;0.21;-7.2
193;194;18.7;24.7;0.9;Effective;No;No;No;0.0;-7.0;0.11;-7.09;0.17;-7.16;0.21;-7.2
194;195;18.7;24.7;1.0;Effective;No;No;No;0.0;-7.0;0.11;-7.08;0.17;-7.16;0.21;-7.2
195;196;18.7;24.7;1.1;Effective;No;No;No;0.0;-7.0;0.11;-7.08;0.17;-7.15;0.21;-7.19
196;197;18.8;24.8;0.5;Effective;No;No;No;0.0;-7.0;0.11;-7.1;0.17;-7.17;0.21;-7.21
197;198;18.8;24.8;0.6;Effective;No;No;No;0.0;-7.0;0.11;-7.1;0.17;-7.17;0.21;-7.21
198;199;18.8;24.8;0.7;Effective;No;No;No;0.0;-7.0;0.11;-7.09;0.17;-7.17;0.21;-7.21
199;200;18.8;24.8;0.8;Effective;No;No;No;0.0;-7.0;0.11;-7.09;0.17;-7.17;0.21;-7.21
200;201;18.8;24.8;0.9;Effective;No;No;No;0.0;-7.0;0.11;-7.08;0.17;-7.16;0.21;-7.21
201;202;18.8;24.8;1.0;Effective;No;No;No;0.0;-7.0;0.11;-7.08;0.17;-7.16;0.21;-7.2
202;203;18.8;24.8;1.1;Effective;No;No;No;0.0;-7.0;0.11;-7.08;0.17;-7.16;0.21;-7.2
203;204;18.9;24.9;0.5;Effective;No;No;No;0.0;-7.0;0.11;-7.1;0.17;-7.17;0.21;-7.22
204;205;18.9;24.9;0.6;Effective;No;No;No;0.0;-7.0;0.11;-7.1;0.17;-7.17;0.21;-7.21
205;206;18.9;24.9;0.7;Effective;No;No;No;0.0;-7.0;0.11;-7.09;0.17;-7.17;0.21;-7.21
206;207;18.9;24.9;0.8;Effective;No;No;No;0.0;-7.0;0.11;-7.09;0.17;-7.17;0.21;-7.21
207;208;18.9;24.9;0.9;Effective;No;No;No;0.0;-7.0;0.11;-7.09;0.17;-7.17;0.21;-7.21
208;209;18.9;24.9;1.0;Effective;No;No;No;0.0;-7.0;0.11;-7.09;0.17;-7.16;0.21;-7.21
209;210;18.9;24.9;1.1;Effective;No;No;No;0.0;-7.0;0.11;-7.09;0.17;-7.16;0.21;-7.2
210;211;19.0;25.0;0.5;Effective;No;No;No;0.0;-7.0;0.11;-7.1;0.17;-7.18;0.21;-7.22
211;212;19.0;25.0;0.6;Effective;No;No;No;0.0;-7.0;0.11;-7.1;0.17;-7.18;0.21;-7.22
212;213;19.0;25.0;0.7;Effective;No;No;No;0.0;-7.0;0.11;-7.09;0.17;-7.17;0.21;-7.22
213;214;19.0;25.0;0.8;Effective;No;No;No;0.0;-7.0;0.11;-7.09;0.17;-7.17;0.21;-7.21
214;215;19.0;25.0;0.9;Effective;No;No;No;0.0;-7.0;0.11;-7.09;0.17;-7.17;0.21;-7.21
215;216;19.0;25.0;1.0;Effective;No;No;No;0.0;-7.0;0.11;-7.09;0.17;-7.17;0.21;-7.21
216;217;19.0;25.0;1.1;Effective;No;No;No;0.0;-7.0;0.11;-7.09;0.17;-7.17;0.21;-7.21
217;218;19.1;25.1;0.5;Effective;No;No;No;0.0;-7.0;0.11;-7.1;0.17;-7.18;0.21;-7.22
218;219;19.1;25.1;0.6;Effective;No;No;No;0.0;-7.0;0.11;-7.1;0.17;-7.18;0.21;-7.22
219;220;19.1;25.1;0.7;Effective;No;No;No;0.0;-7.0;0.11;-7.1;0.17;-7.18;0.21;-7.22
220;221;19.1;25.1;0.8;Effective;No;No;No;0.0;-7.0;0.11;-7.1;0.17;-7.17;0.21;-7.21
221;222;19.1;25.1;0.9;Effective;No;No;No;0.0;-7.0;0.11;-7.1;0.17;-7.17;0.21;-7.21
222;223;19.1;25.1;1.0;Effective;No;No;No;0.0;-7.0;0.11;-7.1;0.17;-7.17;0.21;-7.21
223;224;19.1;25.1;1.1;Effective;No;No;No;0.0;-7.0;0.11;-7.1;0.17;-7.17;0.21;-7.21
224;225;19.2;25.2;0.5;Effective;No;No;No;0.0;-7.0;0.11;-7.1;0.17;-7.18;0.21;-7.22
225;226;19.2;25.2;0.6;Effective;No;No;No;0.0;-7.0;0.11;-7.1;0.17;-7.18;0.21;-7.22
226;227;19.2;25.2;0.7;Effective;No;No;No;0.0;-7.0;0.11;-7.1;0.17;-7.18;0.21;-7.22
227;228;19.2;25.2;0.8;Effective;No;No;No;0.0;-7.0;0.11;-7.1;0.17;-7.18;0.21;-7.22
228;229;19.2;25.2;0.9;Effective;No;No;No;0.0;-7.0;0.11;-7.1;0.17;-7.18;0.21;-7.22
229;230;19.2;25.2;1.0;Effective;No;No;No;0.0;-7.0;0.11;-7.1;0.17;-7.18;0.21;-7.22
230;231;19.2;25.2;1.1;Effective;No;No;No;0.0;-7.0;0.11;-7.1;0.17;-7.18;0.21;-7.22
231;232;19.3;25.3;0.5;Effective;No;No;No;0.0;-7.0;0.11;-7.1;0.17;-7.18;0.21;-7.22
232;233;19.3;25.3;0.6;Effective;No;No;No;0.0;-7.0;0.11;-7.1;0.17;-7.18;0.21;-7.22
233;234;19.3;25.3;0.7;Effective;No;No;No;0.0;-7.0;0.11;-7.1;0.17;-7.18;0.21;-7.22
234;235;19.3;25.3;0.8;Effective;No;No;No;0.0;-7.0;0.11;-7.1;0.17;-7.18;0.21;-7.22
235;236;19.3;25.3;0.9;Effective;No;No;No;0.0;-7.0;0.11;-7.1;0.17;-7.18;0.21;-7.22
236;237;19.3;25.3;1.0;Effective;No;No;No;0.0;-7.0;0.11;-7.1;0.17;-7.18;0.21;-7.22
237;238;19.3;25.3;1.1;Effective;No;No;No;0.0;-7.0;0.11;-7.1;0.17;-7.18;0.21;-7.22
238;239;19.4;25.4;0.5;Effective;No;No;No;0.0;-7.0;0.11;-7.1;0.17;-7.18;0.21;-7.22
239;240;19.4;25.4;0.6;Effective;No;No;No;0.0;-7.0;0.11;-7.1;0.17;-7.18;0.21;-7.22
240;241;19.4;25.4;0.7;Effective;No;No;No;0.0;-7.0;0.11;-7.1;0.17;-7.18;0.21;-7.22
241;242;19.4;25.4;0.8;Effective;No;No;No;0.0;-7.0;0.11;-7.1;0.17;-7.18;0.21;-7.22
242;243;19.4;25.4;0.9;Effective;No;No;No;0.0;-7.0;0.11;-7.1;0.17;-7.18;0.21;-7.22
243;244;19.4;25.4;1.0;Effective;No;No;No;0.0;-7.0;0.11;-7.1;0.17;-7.18;0.21;-7.22
244;245;19.4;25.4;1.1;Effective;No;No;No;0.0;-7.0;0.11;-7.1;0.17;-7.18;0.21;-7.22
245;246;19.5;25.5;0.5;Effective;No;No;No;0.0;-7.0;0.11;-7.1;0.17;-7.18;0.21;-7.22
246;247;19.5;25.5;0.6;Effective;No;No;No;0.0;-7.0;0.11;-7.1;0.17;-7.18;0.21;-7.22
247;248;19.5;25.5;0.7;Effective;No;No;No;0.0;-7.0;0.11;-7.1;0.17;-7.18;0.21;-7.22
248;249;19.5;25.5;0.8;Effective;No;No;No;0.0;-7.0;0.11;-7.1;0.17;-7.18;0.21;-7.22
249;250;19.5;25.5;0.9;Effective;No;No;No;0.0;-7.0;0.11;-7.1;0.17;-7.18;0.21;-7.22
250;251;19.5;25.5;1.0;Effective;No;No;No;0.0;-7.0;0.11;-7.1;0.17;-7.18;0.21;-7.22
251;252;19.5;25.5;1.1;Effective;No;No;No;0.0;-7.0;0.11;-7.1;0.17;-7.18;0.21;-7.22
252;253;19.6;25.6;0.5;Effective;No;No;No;0.0;-7.0;0.11;-7.1;0.17;-7.18;0.21;-7.22
253;254;19.6;25.6;0.6;Effective;No;No;No;0.0;-7.0;0.11;-7.1;0.17;-7.18;0.21;-7.22
254;255;19.6;25.6;0.7;Effective;No;No;No;0.0;-7.0;0.11;-7.1;0.17;-7.18;0.21;-7.22
255;256;19.6;25.6;0.8;Effective;No;No;No;0.0;-7.0;0.11;-7.1;0.17;-7.18;0.21;-7.22
256;257;19.6;25.6;0.9;Effective;No;No;No;0.0;-7.0;0.11;-7.1;0.17;-7.18;0.21;-7.22
257;258;19.6;25.6;1.0;Effective;No;No;No;0.0;-7.0;0.11;-7.1;0.17;-7.18;0.21;-7.22
258;259;19.6;25.6;1.1;Effective;No;No;No;0.0;-7.0;0.11;-7.1;0.17;-7.18;0.21;-7.22
259;260;19.7;25.7;0.5;Effective;No;No;No;0.0;-7.0;0.11;-7.1;0.17;-7.18;0.21;-7.22
260;261;19.7;25.7;0.6;Effective;No;No;No;0.0;-7.0;0.11;-7.1;0.17;-7.18;0.21;-7.22
261;262;19.7;25.7;0.7;Effective;No;No;No;0.0;-7.0;0.11;-7.1;0.17;-7.18;0.21;-7.22
262;263;19.7;25.7;0.8;Effective;No;No;No;0.0;-7.0;0.11;-7.1;0.17;-7.18;0.21;-7.22
263;264;19.7;25.7;0.9;Effective;No;No;No;0.0;-7.0;0.11;-7.1;0.17;-7.18;0.21;-7.22
264;265;19.7;25.7;1.0;Effective;No;No;No;0.0;-7.0;0.11;-7.1;0.17;-7.18;0.21;-7.22
265;266;19.7;25.7;1.1;Effective;No;No;No;0.0;-7.0;0.11;-7.1;0.17;-7.18;0.21;-7.22
266;267;19.8;25.8;0.5;Effective;No;No;No;0.0;-7.0;0.11;-7.1;0.17;-7.18;0.21;-7.22
267;268;19.8;25.8;0.6;Effective;No;No;No;0.0;-7.0;0.11;-7.1;0.17;-7.18;0.21;-7.22
268;269;19.8;25.8;0.7;Effective;No;No;No;0.0;-7.0;0.11;-7.1;0.17;-7.18;0.21;-7.22
269;270;19.8;25.8;0.8;Effective;No;No;No;0.0;-7.0;0.11;-7.1;0.17;-7.18;0.21;-7.22
270;271;19.8;25.8;0.9;Effective;No;No;No;0.0;-7.0;0.11;-7.1;0.17;-7.18;0.21;-7.22
271;272;19.8;25.8;1.0;Effective;No;No;No;0.0;-7.0;0.11;-7.1;0.17;-7.18;0.21;-7.22
272;273;19.8;25.8;1.1;Effective;No;No;No;0.0;-7.0;0.11;-7.1;0.17;-7.18;0.21;-7.22
273;274;19.9;25.9;0.5;Effective;No;No;No;0.0;-7.0;0.11;-7.1;0.17;-7.18;0.21;-7.21
274;275;19.9;25.9;0.6;Effective;No;No;No;0.0;-7.0;0.11;-7.1;0.17;-7.18;0.21;-7.21
275;276;19.9;25.9;0.7;Effective;No;No;No;0.0;-7.0;0.11;-7.1;0.17;-7.18;0.21;-7.21
276;277;19.9;25.9;0.8;Effective;No;No;No;0.0;-7.0;0.11;-7.1;0.17;-7.18;0.21;-7.21
277;278;19.9;25.9;0.9;Effective;No;No;No;0.0;-7.0;0.11;-7.1;0.17;-7.18;0.21;-7.21
278;279;19.9;25.9;1.0;Effective;No;No;No;0.0;-7.0;0.11;-7.1;0.17;-7.18;0.21;-7.21
279;280;19.9;25.9;1.1;Effective;No;No;No;0.0;-7.0;0.11;-7.1;0.17;-7.18;0.21;-7.21
280;281;20.0;26.0;0.5;Effective;No;No;No;0.0;-7.0;0.11;-7.1;0.17;-7.18;0.21;-7.21
281;282;20.0;26.0;0.6;Effective;No;No;No;0.0;-7.0;0.11;-7.1;0.17;-7.18;0.21;-7.21
282;283;20.0;26.0;0.7;Effective;No;No;No;0.0;-7.0;0.11;-7.1;0.17;-7.18;0.21;-7.21
283;284;20.0;26.0;0.8;Effective;No;No;No;0.0;-7.0;0.11;-7.1;0.17;-7.18;0.21;-7.21
284;285;20.0;26.0;0.9;Effective;No;No;No;0.0;-7.0;0.11;-7.1;0.17;-7.18;0.21;-7.21
285;286;20.0;26.0;1.0;Effective;No;No;No;0.0;-7.0;0.11;-7.1;0.17;-7.18;0.21;-7.21
286;287;20.0;26.0;1.1;Effective;No;No;No;0.0;-7.0;0.11;-7.1;0.17;-7.18;0.21;-7.21
287;288;20.1;26.1;0.5;Effective;No;No;No;0.0;-7.0;0.11;-7.1;0.17;-7.18;0.21;-7.21
288;289;20.1;26.1;0.6;Effective;No;No;No;0.0;-7.0;0.11;-7.1;0.17;-7.18;0.21;-7.21
289;290;20.1;26.1;0.7;Effective;No;No;No;0.0;-7.0;0.11;-7.1;0.17;-7.18;0.21;-7.21
290;291;20.1;26.1;0.8;Effective;No;No;No;0.0;-7.0;0.11;-7.1;0.17;-7.18;0.21;-7.21
291;292;20.1;26.1;0.9;Effective;No;No;No;0.0;-7.0;0.11;-7.1;0.17;-7.18;0.21;-7.21
292;293;20.1;26.1;1.0;Effective;No;No;No;0.0;-7.0;0.11;-7.1;0.17;-7.18;0.21;-7.21
293;294;20.1;26.1;1.1;Effective;No;No;No;0.0;-7.0;0.11;-7.1;0.17;-7.18;0.21;-7.21
294;295;20.2;26.2;0.5;Effective;No;No;No;0.0;-7.0;0.11;-7.1;0.17;-7.18;0.21;-7.21
295;296;20.2;26.2;0.6;Effective;No;No;No;0.0;-7.0;0.11;-7.1;0.17;-7.18;0.21;-7.21
296;297;20.2;26.2;0.7;Effective;No;No;No;0.0;-7.0;0.11;-7.1;0.17;-7.18;0.21;-7.21
297;298;20.2;26.2;0.8;Effective;No;No;No;0.0;-7.0;0.11;-7.1;0.17;-7.18;0.21;-7.21
298;299;20.2;26.2;0.9;Effective;No;No;No;0.0;-7.0;0.11;-7.1;0.17;-7.18;0.21;-7.21
299;300;20.2;26.2;1.0;Effective;No;No;No;0.0;-7.0;0.11;-7.1;0.17;-7.18;0.21;-7.21
300;301;20.2;26.2;1.1;Effective;No;No;No;0.0;-7.0;0.11;-7.1;0.17;-7.18;0.21;-7.21
301;302;20.3;26.3;0.5;Effective;No;No;No;0.0;-7.0;0.11;-7.1;0.17;-7.18;0.21;-7.21
302;303;20.3;26.3;0.6;Effective;No;No;No;0.0;-7.0;0.11;-7.1;0.17;-7.18;0.21;-7.21
303;304;20.3;26.3;0.7;Effective;No;No;No;0.0;-7.0;0.11;-7.1;0.17;-7.18;0.21;-7.21
304;305;20.3;26.3;0.8;Effective;No;No;No;0.0;-7.0;0.11;-7.1;0.17;-7.18;0.21;-7.21
305;306;20.3;26.3;0.9;Effective;No;No;No;0.0;-7.0;0.11;-7.1;0.17;-7.18;0.21;-7.21
306;307;20.3;26.3;1.0;Effective;No;No;No;0.0;-7.0;0.11;-7.1;0.17;-7.18;0.21;-7.21
307;308;20.3;26.3;1.1;Effective;No;No;No;0.0;-7.0;0.11;-7.1;0.17;-7.18;0.21;-7.21
308;309;20.4;26.4;0.5;Effective;No;No;No;0.0;-7.0;0.11;-7.1;0.17;-7.18;0.21;-7.21
309;310;20.4;26.4;0.6;Effective;No;No;No;0.0;-7.0;0.11;-7.1;0.17;-7.18;0.21;-7.21
310;311;20.4;26.4;0.7;Effective;No;No;No;0.0;-7.0;0.11;-7.1;0.17;-7.18;0.21;-7.21
311;312;20.4;26.4;0.8;Effective;No;No;No;0.0;-7.0;0.11;-7.1;0.17;-7.18;0.21;-7.21
312;313;20.4;26.4;0.9;Effective;No;No;No;0.0;-7.0;0.11;-7.1;0.17;-7.18;0.21;-7.21
313;314;20.4;26.4;1.0;Effective;No;No;No;0.0;-7.0;0.11;-7.1;0.17;-7.18;0.21;-7.21
314;315;20.4;26.4;1.1;Effective;No;No;No;0.0;-7.0;0.11;-7.1;0.17;-7.18;0.21;-7.21
315;316;20.5;26.5;0.5;Effective;No;No;No;0.0;-7.0;0.11;-7.1;0.17;-7.18;0.21;-7.21
316;317;20.5;26.5;0.6;Effective;No;No;No;0.0;-7.0;0.11;-7.1;0.17;-7.18;0.21;-7.21
317;318;20.5;26.5;0.7;Effective;No;No;No;0.0;-7.0;0.11;-7.1;0.17;-7.18;0.21;-7.21
318;319;20.5;26.5;0.8;Effective;No;No;No;0.0;-7.0;0.11;-7.1;0.17;-7.18;0.21;-7.21
319;320;20.5;26.5;0.9;Effective;No;No;No;0.0;-7.0;0.11;-7.1;0.17;-7.18;0.21;-7.21
320;321;20.5;26.5;1.0;Effective;No;No;No;0.0;-7.0;0.11;-7.1;0.17;-7.18;0.21;-7.21
321;322;20.5;26.5;1.1;Effective;No;No;No;0.0;-7.0;0.11;-7.1;0.17;-7.18;0.21;-7.21
322;323;20.6;26.6;0.5;Effective;No;No;No;0.0;-7.0;0.11;-7.1;0.17;-7.18;0.21;-7.21
323;324;20.6;26.6;0.6;Effective;No;No;No;0.0;-7.0;0.11;-7.1;0.17;-7.18;0.21;-7.21
324;325;20.6;26.6;0.7;Effective;No;No;No;0.0;-7.0;0.11;-7.1;0.17;-7.18;0.21;-7.21
325;326;20.6;26.6;0.8;Effective;No;No;No;0.0;-7.0;0.11;-7.1;0.17;-7.18;0.21;-7.21
326;327;20.6;26.6;0.9;Effective;No;No;No;0.0;-7.0;0.11;-7.1;0.17;-7.18;0.21;-7.21
327;328;20.6;26.6;1.0;Effective;No;No;No;0.0;-7.0;0.11;-7.1;0.17;-7.18;0.21;-7.21
328;329;20.6;26.6;1.1;Effective;No;No;No;0.0;-7.0;0.11;-7.1;0.17;-7.18;0.21;-7.21
329;330;20.7;26.7;0.5;Effective;No;No;No;0.0;-7.0;0.11;-7.1;0.17;-7.18;0.21;-7.21
330;331;20.7;26.7;0.6;Effective;No;No;No;0.0;-7.0;0.11;-7.1;0.17;-7.18;0.21;-7.21
331;332;20.7;26.7;0.7;Effective;No;No;No;0.0;-7.0;0.11;-7.1;0.17;-7.18;0.21;-7.21
332;333;20.7;26.7;0.8;Effective;No;No;No;0.0;-7.0;0.11;-7.1;0.17;-7.18;0.21;-7.21
333;334;20.7;26.7;0.9;Effective;No;No;No;0.0;-7.0;0.11;-7.1;0.17;-7.18;0.21;-7.21
334;335;20.7;26.7;1.0;Effective;No;No;No;0.0;-7.0;0.11;-7.1;0.17;-7.18;0.21;-7.21
335;336;20.7;26.7;1.1;Effective;No;No;No;0.0;-7.0;0.11;-7.1;0.17;-7.18;0.21;-7.21
336;337;20.8;26.8;0.5;Effective;No;No;No;0.0;-7.0;0.11;-7.1;0.17;-7.18;0.21;-7.21
337;338;20.8;26.8;0.6;Effective;No;No;No;0.0;-7.0;0.11;-7.1;0.17;-7.18;0.21;-7.21
338;339;20.8;26.8;0.7;Effective;No;No;No;0.0;-7.0;0.11;-7.1;0.17;-7.18;0.21;-7.21
339;340;20.8;26.8;0.8;Effective;No;No;No;0.0;-7.0;0.11;-7.1;0.17;-7.18;0.21;-7.21
340;341;20.8;26.8;0.9;Effective;No;No;No;0.0;-7.0;0.11;-7.1;0.17;-7.18;0.21;-7.21
341;342;20.8;26.8;1.0;Effective;No;No;No;0.0;-7.0;0.11;-7.1;0.17;-7.18;0.21;-7.21
342;343;20.8;26.8;1.1;Effective;No;No;No;0.0;-7.0;0.11;-7.1;0.17;-7.18;0.21;-7.21
343;344;20.9;26.9;0.5;Effective;No;No;No;0.0;-7.0;0.11;-7.1;0.17;-7.18;0.21;-7.21
344;345;20.9;26.9;0.6;Effective;No;No;No;0.0;-7.0;0.11;-7.1;0.17;-7.18;0.21;-7.21
345;346;20.9;26.9;0.7;Effective;No;No;No;0.0;-7.0;0.11;-7.1;0.17;-7.18;0.21;-7.21
346;347;20.9;26.9;0.8;Effective;No;No;No;0.0;-7.0;0.11;-7.1;0.17;-7.18;0.21;-7.21
347;348;20.9;26.9;0.9;Effective;No;No;No;0.0;-7.0;0.11;-7.1;0.17;-7.18;0.21;-7.21
348;349;20.9;26.9;1.0;Effective;No;No;No;0.0;-7.0;0.11;-7.1;0.17;-7.18;0.21;-7.21
349;350;20.9;26.9;1.1;Effective;No;No;No;0.0;-7.0;0.11;-7.1;0.17;-7.18;0.21;-7.21
350;351;21.0;27.0;0.5;Effective;No;No;No;0.0;-7.0;0.11;-7.1;0.17;-7.18;0.21;-7.21
351;352;21.0;27.0;0.6;Effective;No;No;No;0.0;-7.0;0.11;-7.1;0.17;-7.18;0.21;-7.21
352;353;21.0;27.0;0.7;Effective;No;No;No;0.0;-7.0;0.11;-7.1;0.17;-7.18;0.21;-7.21
353;354;21.0;27.0;0.8;Effective;No;No;No;0.0;-7.0;0.11;-7.1;0.17;-7.18;0.21;-7.21
354;355;21.0;27.0;0.9;Effective;No;No;No;0.0;-7.0;0.11;-7.1;0.17;-7.18;0.21;-7.21
355;356;21.0;27.0;1.0;Effective;No;No;No;0.0;-7.0;0.11;-7.1;0.17;-7.18;0.21;-7.21
356;357;21.0;27.0;1.1;Effective;No;No;No;0.0;-7.0;0.11;-7.1;0.17;-7.18;0.21;-7.21
357;358;21.1;27.1;0.5;Effective;No;No;No;0.0;-7.0;0.11;-7.1;0.17;-7.18;0.21;-7.21
358;359;21.1;27.1;0.6;Effective;No;No;No;0.0;-7.0;0.11;-7.1;0.17;-7.18;0.21;-7.21
359;360;21.1;27.1;0.7;Effective;No;No;No;0.0;-7.0;0.11;-7.1;0.17;-7.18;0.21;-7.21
360;361;21.1;27.1;0.8;Effective;No;No;No;0.0;-7.0;0.11;-7.1;0.17;-7.18;0.21;-7.21
361;362;21.1;27.1;0.9;Effective;No;No;No;0.0;-7.0;0.11;-7.1;0.17;-7.18;0.21;-7.21
362;363;21.1;27.1;1.0;Effective;No;No;No;0.0;-7.0;0.11;-7.1;0.17;-7.18;0.21;-7.21
363;364;21.1;27.1;1.1;Effective;No;No;No;0.0;-7.0;0.11;-7.1;0.17;-7.18;0.21;-7.21
364;365;21.2;27.2;0.5;Effective;No;No;No;0.0;-7.0;0.11;-7.1;0.17;-7.18;0.21;-7.21
365;366;21.2;27.2;0.6;Effective;No;No;No;0.0;-7.0;0.11;-7.1;0.17;-7.18;0.21;-7.21
366;367;21.2;27.2;0.7;Effective;No;No;No;0.0;-7.0;0.11;-7.1;0.17;-7.18;0.21;-7.21
367;368;21.2;27.2;0.8;Effective;No;No;No;0.0;-7.0;0.11;-7.1;0.17;-7.18;0.21;-7.21
368;369;21.2;27.2;0.9;Effective;No;No;No;0.0;-7.0;0.11;-7.1;0.17;-7.18;0.21;-7.21
369;370;21.2;27.2;1.0;Effective;No;No;No;0.0;-7.0;0.11;-7.1;0.17;-7.18;0.21;-7.21
370;371;21.2;27.2;1.1;Effective;No;No;No;0.0;-7.0;0.11;-7.1;0.17;-7.18;0.21;-7.21
371;372;21.3;27.3;0.5;Effective;No;No;No;0.0;-7.0;0.11;-7.1;0.17;-7.18;0.21;-7.21
372;373;21.3;27.3;0.6;Effective;No;No;No;0.0;-7.0;0.11;-7.1;0.17;-7.18;0.21;-7.21
373;374;21.3;27.3;0.7;Effective;No;No;No;0.0;-7.0;0.11;-7.1;0.17;-7.18;0.21;-7.21
374;375;21.3;27.3;0.8;Effective;No;No;No;0.0;-7.0;0.11;-7.1;0.17;-7.18;0.21;-7.21
375;376;21.3;27.3;0.9;Effective;No;No;No;0.0;-7.0;0.11;-7.1;0.17;-7.18;0.21;-7.21
376;377;21.3;27.3;1.0;Effective;No;No;No;0.0;-7.0;0.11;-7.1;0.17;-7.18;0.21;-7.21
377;378;21.3;27.3;1.1;Effective;No;No;No;0.0;-7.0;0.11;-7.1;0.17;-7.18;0.21;-7.21
378;379;21.4;27.4;0.5;Effective;No;No;No;0.0;-7.0;0.11;-7.1;0.17;-7.18;0.21;-7.21
379;380;21.4;27.4;0.6;Effective;No;No;No;0.0;-7.0;0.11;-7.1;0.17;-7.18;0.21;-7.21
380;381;21.4;27.4;0.7;Effective;No;No;No;0.0;-7.0;0.11;-7.1;0.17;-7.18;0.21;-7.21
381;382;21.4;27.4;0.8;Effective;No;No;No;0.0;-7.0;0.11;-7.1;0.17;-7.18;0.21;-7.21
382;383;21.4;27.4;0.9;Effective;No;No;No;0.0;-7.0;0.11;-7.1;0.17;-7.18;0.21;-7.21
383;384;21.4;27.4;1.0;Effective;No;No;No;0.0;-7.0;0.11;-7.1;0.17;-7.18;0.21;-7.21
384;385;21.4;27.4;1.1;Effective;No;No;No;0.0;-7.0;0.11;-7.1;0.17;-7.18;0.21;-7.21
385;386;21.5;27.5;0.5;Effective;No;No;No;0.0;-7.0;0.11;-7.1;0.17;-7.18;0.21;-7.21
386;387;21.5;27.5;0.6;Effective;No;No;No;0.0;-7.0;0.11;-7.1;0.17;-7.18;0.21;-7.21
387;388;21.5;27.5;0.7;Effective;No;No;No;0.0;-7.0;0.11;-7.1;0.17;-7.18;0.21;-7.21
388;389;21.5;27.5;0.8;Effective;No;No;No;0.0;-7.0;0.11;-7.1;0.17;-7.18;0.21;-7.21
389;390;21.5;27.5;0.9;Effective;No;No;No;0.0;-7.0;0.11;-7.1;0.17;-7.18;0.21;-7.21
390;391;21.5;27.5;1.0;Effective;No;No;No;0.0;-7.0;0.11;-7.1;0.17;-7.18;0.21;-7.21
391;392;21.5;27.5;1.1;Effective;No;No;No;0.0;-7.0;0.11;-7.1;0.17;-7.18;0.21;-7.21
392;393;21.6;27.6;0.5;Effective;No;No;No;0.0;-7.0;0.11;-7.1;0.17;-7.18;0.21;-7.21
393;394;21.6;27.6;0.6;Effective;No;No;No;0.0;-7.0;0.11;-7.1;0.17;-7.18;0.21;-7.21
394;395;21.6;27.6;0.7;Effective;No;No;No;0.0;-7.0;0.11;-7.1;0.17;-7.18;0.21;-7.21
395;396;21.6;27.6;0.8;Effective;No;No;No;0.0;-7.0;0.11;-7.1;0.17;-7.18;0.21;-7.21
396;397;21.6;27.6;0.9;Effective;No;No;No;0.0;-7.0;0.11;-7.1;0.17;-7.18;0.21;-7.21
397;398;21.6;27.6;1.0;Effective;No;No;No;0.0;-7.0;0.11;-7.1;0.17;-7.18;0.21;-7.21
398;399;21.6;27.6;1.1;Effective;No;No;No;0.0;-7.0;0.11;-7.1;0.17;-7.18;0.21;-7.21
399;400;21.7;27.7;0.5;Effective;No;No;No;0.0;-7.0;0.11;-7.1;0.17;-7.18;0.21;-7.21
400;401;21.7;27.7;0.6;Effective;No;No;No;0.0;-7.0;0.11;-7.1;0.17;-7.18;0.21;-7.21
401;402;21.7;27.7;0.7;Effective;No;No;No;0.0;-7.0;0.11;-7.1;0.17;-7.18;0.21;-7.21
402;403;21.7;27.7;0.8;Effective;No;No;No;0.0;-7.0;0.11;-7.1;0.17;-7.18;0.21;-7.21
403;404;21.7;27.7;0.9;Effective;No;No;No;0.0;-7.0;0.11;-7.1;0.17;-7.18;0.21;-7.21
404;405;21.7;27.7;1.0;Effective;No;No;No;0.0;-7.0;0.11;-7.1;0.17;-7.18;0.21;-7.21
405;406;21.7;27.7;1.1;Effective;No;No;No;0.0;-7.0;0.11;-7.1;0.17;-7.18;0.21;-7.21
406;407;21.8;27.8;0.5;Effective;No;No;No;0.0;-7.0;0.11;-7.1;0.17;-7.18;0.21;-7.21
407;408;21.8;27.8;0.6;Effective;No;No;No;0.0;-7.0;0.11;-7.1;0.17;-7.18;0.21;-7.21
408;409;21.8;27.8;0.7;Effective;No;No;No;0.0;-7.0;0.11;-7.1;0.17;-7.18;0.21;-7.21
409;410;21.8;27.8;0.8;Effective;No;No;No;0.0;-7.0;0.11;-7.1;0.17;-7.18;0.21;-7.21
410;411;21.8;27.8;0.9;Effective;No;No;No;0.0;-7.0;0.11;-7.1;0.17;-7.18;0.21;-7.21
411;412;21.8;27.8;1.0;Effective;No;No;No;0.0;-7.0;0.11;-7.1;0.17;-7.18;0.21;-7.21
412;413;21.8;27.8;1.1;Effective;No;No;No;0.0;-7.0;0.11;-7.1;0.17;-7.18;0.21;-7.21
413;414;21.9;27.9;0.5;Effective;No;No;No;0.0;-7.0;0.11;-7.1;0.17;-7.18;0.21;-7.21
414;415;21.9;27.9;0.6;Effective;No;No;No;0.0;-7.0;0.11;-7.1;0.17;-7.18;0.21;-7.21
415;416;21.9;27.9;0.7;Effective;No;No;No;0.0;-7.0;0.11;-7.1;0.17;-7.18;0.21;-7.21
416;417;21.9;27.9;0.8;Effective;No;No;No;0.0;-7.0;0.11;-7.1;0.17;-7.18;0.21;-7.21
417;418;21.9;27.9;0.9;Effective;No;No;No;0.0;-7.0;0.11;-7.1;0.17;-7.18;0.21;-7.21
418;419;21.9;27.9;1.0;Effective;No;No;No;0.0;-7.0;0.11;-7.1;0.17;-7.18;0.21;-7.21
419;420;21.9;27.9;1.1;Effective;No;No;No;0.0;-7.0;0.11;-7.1;0.17;-7.18;0.21;-7.21
